2004 ACME
 Email list as of 20 September 2004

Steve Aulenbach		 NCAR/CGD		aulenbac@ucar.edu
Rebecca McKeown		 Colorado State U		beckym@nrel.colostate.edu
Teresa Campos		 NCAR/ACD		campos@ucar.edu
Dave Rogers		 NCAR/ATD/RAF		dcrogers@ucar.edu
Dean E. Anderson		 USGS		deander@usgs.gov
Dennis S. Ojima		 Colorado State U		dennis@nrel.colostate.edu
David F. Baker		 NCAR/CGD		dfb@ucar.edu
hleringer@biology.utah.edu
Elaine Gottlieb		 Harvard U		ewg@io.harvard.edu
Alex B. Guenther		 NCAR/ACD guenther@ucar.edu
Heather Graven		 UCSD hgraven@ucsd.edu
Jeffrey Hicke		 Colorado State U		jhicke@nrel.colostate.edu
Jia Hu		 U Colorado		jia.hu@colorado.edu
Julia Klein		 Colorado State U		jklein@nrel.colostate.edu
John Lin		 Harvard, U		johnlin@fas.harvard.edu
Jielun Sun		 NCAR/MMM jsun@ucar.edu
Chun-Ta Lai		 U Utah		lai@biology.utah.edu
Don Lenschow		 NCAR/MMM lenschow@ucar.edu
Steve Oncley		 NCAR/ATD/RTF oncley@ucar.edu
Robert H. Braswell		 U New Hampshire		rob.braswell@unh.edu
Robert Beyer		 U Colorado		robert.beyer@colorado.edu
Russell Monson		 U Colorado		Russell.Monson@colorado.edu
Ryan Jones		 U Colorado		Ryan.Jones@colorado.edu
William J. Sacks		 NCAR/CGD sacks@ucar.edu
Dave Schimel		 NCAR/CGD schimel@cgd.ucar.edu
Sean Burns		 NCAR/MMM sean@ucar.edu
Stephan FJ de Wekker		 Pacific Northwest National Laboratory		stephan.dewekker@pnl.gov
Britt Stephens		 NCAR/ATD/RAF stephens@ucar.edu
Steve Knox		 Colorado State U		stevek@nrel.colostate.edu
Steve W Running		 U Montana		swr@ntsg.umt.edu
Tomislava Vukicevic		 Colorado State U		tomi@cira.colostate.edu
Thomas Karl		 NCAR/ASP (ACD) tomkarl@ucar.edu
Thomas Riley		 Colorado State U		triley@nrel.colostate.edu
Mark Tschudi		 NCAR/ATD/RAF tschudi@ucar.edu
Andrew A. Turnipseed		 NCAR/ACD turnip@ucar.edu
V Y Chow		 Harvard U		vyc@io.harvard.edu
Xylina.Warren-laird@colorado.edu

UCAR employees who are not official participants
? adrevon@ucar.edu
X aguilar@ucar.edu
X allen@raf.atd.ucar.edu
X anatta@ucar.edu
X anstett@ucar.edu
X beaton@ucar.edu
X bhenson@ucar.edu
X boynton@ucar.edu
X calvin@ucar.edu
X darin@ucar.edu
X forbes@ucar.edu
X genzling@ucar.edu
X jbj@ucar.edu
X kurt@ucar.edu
X lloydroc@ucar.edu
X oxelson@ucar.edu
X ringlema@ucar.edu
X olsenb@ucar.edu
X schanot@ucar.edu
X semmer@ucar.edu
X shertz@ucar.edu
X stith@ucar.edu
X watt@ucar.edu
