AdamSobel -- ahs129@columbia.edu -- quarter
AlanBandy -- bandyar@drexel.edu -- seagull
AlanBlyth -- blyth@env.leeds.ac.uk -- lineage
AlanBrewer -- alan.brewer@noaa.gov -- consult
AlCooper -- wcooper@nsf.gov -- satiate
AlexanderKhain -- khain@vms.huji.ac.il -- shallow
AlexeiKorolev -- alexei.korolev@rogers.com -- pigment
AlRodi -- rodi@uwyo.edu -- liberal
AlSchanot -- schanot@ucar.edu -- jigging
AmandaEdwards -- aedwards@uiuc.edu -- lukemia
AndyAckerman -- ack@fog.arc.nasa.gov -- pinhole
AnnGumbiner -- ann@specinc.com -- naughty
AntonBeljaars -- a.beljaars@ecmwf.int -- becloud
AxelSeifert -- seifert@ucar.edu -- preview
BartGeerts -- geerts@uwyo.edu -- numeric
BillBrown -- wbrown@ucar.edu -- sweater
BillCotton -- cotton@atmos.colostate.edu -- tattler
BillHall -- hallb@ucar.edu -- example
BjornStevens -- bstevens@atmos.ucla.edu -- despair
BobRauber -- r-rauber@uiuc.edu -- elector
BobRilling -- rilling@atd.ucar.edu -- barbudo
BradBaker -- brad@specinc.com -- protect
BrandonSlaten -- brandon@ucar.edu -- smother
BrianHeikes -- bheikes@gso.uri.edu -- mediate
BrianMapes -- brian.e.mapes@noaa.gov -- educate
BrianMedeiros -- brianpm@atmos.ucla.edu -- adagio
BrigitteBaeuerle -- bb@atd.ucar.edu -- whoever
BruceAlbrecht -- albrecht@mail.rsmas.miami.edu -- husband
BruceBartram -- bruce.bartram@noaa.gov -- cascara
CharlieKnight -- knightc@ucar.edu -- handout
ChinHohMoeng -- moeng@ucar.edu -- bristle
ChrisBretherton -- breth@atmos.washington.edu -- savory
ChrisBurghart -- burghart@ucar.edu -- octagon
ChrisCollier -- c.g.collier@salford.ac.uk -- respect
ChristopherFairall -- chris.fairall@noaa.gov -- somatic
ChrisWebster -- cjw@ucar.edu -- october
CliffHeizer -- atd02@atd.ucar.edu -- january
CynthiaTwohy -- twohy@coas.oregonstate.edu -- bucolic
DanielRosenfeld -- daniel@vms.huji.ac.il -- newborn
DarrelBaumgardner -- darrel@servidor.unam.mx -- diorama
DaveCarlson -- dcarlson@ucar.edu -- bicycle
DaveKristovich -- dkristo@uiuc.edu -- airport
DaveRogers -- dcrogers@ucar.edu -- platoon
DavidMechem -- dmechem@ou.edu -- persist
DavidRandall -- randall@atmos.colostate.edu -- vibrato
DennisLamb -- lno@psu.edu -- bravura
DickDirks -- dirks2@ucar.edu -- bravery
DickJohnson -- rhj@atmos.colostate.edu -- capella
DonaldMurray -- dmurray@ucar.edu -- surpass
DonLenshow -- lenschow@ucar.edu -- longish
DonOSullivan -- osulliva@usna.edu -- giraffe
DonStott -- stott@joss.ucar.edu -- lookout
DonThornton -- dct@drexel.edu -- extreme
DonWuebbles -- wuebbles@atmos.uiuc.edu -- bashful
EdwardRingleman -- ringlema@ucar.edu -- february
EricSnodgrass -- snodgrss@atmos.uiuc.edu -- coarsen
ErinMcDaniel -- erinmcd@ucar.edu -- swizzle
ErinRiepe -- eriepe@atmos.uiuc.edu -- spumoni
ErrolKorn -- korn@ucar.edu -- august
FangHuangTu -- fhtu@drexel.edu -- september
FlaviaMorales -- flavia@adam.uprr.pr -- spinach
FrankLing -- ling@ucar.edu -- sickish
FredericBurnet -- frederic.burnet@cnrm.meteo.fr -- gorilla
GaborVali -- vali@uwyo.edu -- haddock
GeorgeIsaac -- george.isaac@ec.gc.ca -- vermeil
GeorgeSYoung -- young@ems.psu.edu -- ketchup
GracielaRaga -- raga@servidor.unam.mx -- restful
GrahamFeingold -- graham.feingold@noaa.gov -- provost
GregBruning -- bruning@ucar -- december
GregPoulos -- gsp@ucar.edu -- brochure
GregRoberts -- greg@borneo.ucsd.edu -- condone
GregStossmeister -- gstoss@ucar.edu -- hillman
GuifuZhang -- guzhang@ucar.edu -- sheriff
HannaPawlowska -- hanna.pawlowska@igf.fuw.edu.pl -- allegro
HansVerlinde -- verlinde@essc.psu.edu -- suspend
HarryOchs -- h-ochs@uiuc.edu -- shoofly
HenryBoynton -- boynton@ucar.edu -- monthly
HermannGerber -- hgerber6@comcast.net -- haughty
HermanRusschenberg -- h.w.j.russchenberg@irctr.tudelft.nl -- glasses
JanErkelens -- j.s.erkelens@hetnet.nl -- vitriol
JeanLouisBrenguier -- jean-louis.brenguier@meteo.fr -- peptide
JeffersonRSnider -- jsnider@uwyo.edu -- edifice
JeffFrench -- jeff.french@noaa.gov -- inveigh
JeffHare -- jeff.hare@noaa.gov -- crimson
JeffStith -- stith@ucar.edu -- cirrus
JenniferDavison -- jdavison@atmos.uiuc.edu -- coaster
JenniferSmall -- jsmall@emerald.ucsc.edu -- variant
JeromeSchmidt -- schmidt@nrlmry.navy.mil -- prevent
Jessica -- twylazoan28@aol.com -- ?   (RICO Forums only)
JimAnderson -- janderson@asu.edu -- minimax
JimHudson -- hudson@dri.edu -- cruelty
JimHuning -- jhuning@nsf.gov -- button
JimMcQuaid -- jim@env.leeds.ac.uk -- spirals
JimMoore -- jmoore@ucar.edu -- felsite
JimTu -- fhtu@drexel.edu -- elusive
JoaoTeixeira -- teixeira@nrlmry.navy.mil -- spinach
JohnCusack -- cusack@ucar.edu -- weekly
JohnHallett -- hallett@dri.edu -- dossier
JohnSeinfeld -- seinfeld@caltech.edu -- there'd
JordiVila -- jordi.vila@wur.nl -- omitted
JorgenJensen -- jbj@ucar.edu -- grimace
JosephVinson -- vinson@ucar.edu -- canteen
JothiramVivekanandan -- vivek@ucar.edu -- bifocal
KenBeard -- k-beard@uiuc.edu -- glorify
KenDewey -- ken.dewey@metoffice.com -- drapery
KipEagan -- eagan@ucar.edu -- browser
KlausDieterBeheng -- klaus.beheng@physik.uni-karlsruhe.de -- synapse
LarryDiGirolamo -- larry@atmos.uiuc.edu -- baklava
LarryMurphy -- lmurphy@ucar.edu -- phones
LarryOolman -- ldoolman@uwyo.edu -- stipend
LauraHinkelman -- laura@essc.psu.edu -- swelter
LianPingWang -- lwang@me.udel.edu -- grammar
LizZarovy -- liz@atmos.colostate.edu -- buttery
LouiseNuyens -- louise.nuyens@wur.nl -- musical
LowellGenzlinger -- genzling@ucar.edu -- saucers
MargreetVanZanten -- zanten@phys.uu.nl -- kingdom
MarileColonRobles -- mcolon2@atmos.uiuc.edu -- survive
MarioIerkic -- ierkic@ece.uprm.edu -- tempest
MarkBradford -- mark@ucar.edu -- contort
MartinKoehler -- m.koehler@ecmwf.int -- pinxter
MartinMiller -- miller@ecmwf.int -- defiant
MaryBarth -- barthm@ucar.edu -- bucolic
MichaelJensen -- jensenm@cires.colorado.edu -- writeup
MikeDaniels -- daniels@ucar.edu -- massage
MikeSpowart -- spowart@ucar.edu -- forearm
MikeStrong -- mstrong@ucar.edu -- muscles
MohanRamamurthy -- mohan@ucar.edu -- cornish
NeilLaird -- n-laird@atmos.uiuc.edu -- hatchet
OlgaMayolBracero -- omayol@adam.uprr.pr -- soprano
PaquitaZuidema -- paquita.zuidema@noaa.gov -- runneth
PatrickChuang -- pchuang@es.ucsc.edu -- tigress
PaulLawson -- plawson@specinc.com -- tensile
PaulVaillancourt -- paul.vaillancourt@ec.gc.ca -- rivalry
PavelRomashkin -- pavel@ucar.edu -- mistral
PavlosKollias -- pavlos.kollias@noaa.gov -- sickish
PeggyLemone -- lemone@ucar.edu -- footpad
PennyWarfel -- warfel@ucar.edu -- durance
PeterJonas -- peter.jonas@umist.ac.uk -- sandbag
PhilipBrown -- phil.brown@metoffice.com -- they've
PhillipAustin -- paustin@eos.ubc.ca -- profane
PierSiebesma -- siebesma@knmi.nl -- notebook
RachelGross -- rachel.gross@noaa.gov -- coltish
Ramanathan -- vramanathan@ucsd.edu -- onetime
RameshSrivastava -- srivast@geosci.uchicago.edu -- assuage
RaymondShaw -- rashaw@mtu.edu -- classic
ReginaldJHill -- reginald.j.hill@noaa.gov -- trefoil
ReneeRay -- rray@ucar.edu -- hostler
RetaGates -- rgates@ucar.edu -- bandage
RitCarbone -- carbone@ucar.edu -- distaff
RobertOlson -- olsonb@ucar.edu -- turbine
RobertWood -- robwood@atmos.washington.edu -- spatlum
SabineGoeke -- sabine@uiuc.edu -- ghostly
SarahScalia -- scalia@uiuc.edu -- eighth
SaraMetz -- smetz@ucar.edu -- alewife
SaraTucker -- sara.tucker@noaa.gov -- chorine
ScotLoehrer -- loehrer@ucar.edu -- junctor
ScottPSandberg -- scott.p.sandberg@noaa.gov -- measure
ScottSpuler -- spuler@ucar.edu -- towels
ShaneMayor -- shane@ucar.edu -- governs
ShannonAguilar -- aguilar@ucar.edu -- ?
ShelleyZucker -- zucker@ucar.edu -- battery
SiwanKim -- swan@ucar.edu -- breadth
SoniaLasherTrapp -- slasher@purdue.edu -- egotist
SteveCohn -- cohn@ucar.edu -- weighty
SteveKrueger -- skrueger@met.utah.edu -- thought
SteveWilliams -- sfw@ucar.edu -- trident
SusanneCrewell -- screwell@uni-bonn.de -- avocate
SusanStringer -- snorman@ucar.edu -- sonata
SzymonMalinowski -- malina@fuw.edu.pl -- coexist
TedRuss -- truss@ucar.edu -- carabao
TeresaCampos -- campos@ucar.edu -- extinct
TerryHock -- hock@ucar.edu -- parapet
TomAckerman -- thomas.ackerman@pnl.gov -- weekend
VerityStroud -- fridd@ucar.edu -- archive
WalterStrapp -- walter.strapp@ec.gc.ca -- kolkhoz
WayneSchubert -- waynes@atmos.colostate.edu -- acreage
WilliamIrwin -- birwin@ucar.edu -- oxygen
WojtekGrabowski -- grabow@ncar.ucar.edu -- pulsate
XinZhongLiang -- xliang@uiuc.edu -- postman
YanYin -- yan@env.leeds.ac.uk -- kingpin
YefimKogan -- ykogan@ou.edu -- bagpipe
ZevLevin -- zev@hail.tau.ac.il -- concerto

Add-ons (in chronological order):
KathyAnnCaesar --  (30Oct2004)
JasonLowenstein --  (04Nov2004)
mkruk --  (Michael Kruk) (04Nov2004)
benj --   (05Nov2004)
JustinPeter --  (07Nov2004)
prejjnl --  (09Nov2004)
JeffMcWhirter --  (10Nov2004)
JodyWilliams --  (10Nov2004)
martavi --  (15Nov2004)
MattBurkhart -- monoski@uwyo.edu -- uwkingair (18Nov2004)
Subhashree -- subha_atma@yahoo.com -- (19Nov2004)
vanandel -- vanandel@ucar.edu -- (20Nov2004)
JenSmall -- jsmall@es.ucsc.edu -- (05Dec2004)
shertz -- shertz@ucar.edu -- (06Dec2004)
rcallaha -- rcallaha@ucar.edu -- (09Dec2004)
granger -- granger@ucar.edu -- (09Dec2004)
SusedikM -- susedik@ucar.edu -- (10Dec2004)
SteveOncley -- oncley@ucar.edu -- (10Dec2004)
jcowan -- jcowan@ucar.edu -- (10Dec2004)
steven.abel -- steven.abel@metoffice.gov.uk -- (22Dec2004)
furystbarth -- rene.fury@meteo.fr -- (28Dec2004)
slynds -- susan.lynds@colorado.edu -- (02Jan2005)
HaiweiShen -- hshen@gso.uri.edu --  (05Jan2005)
